n,Selection Sort Time,Bubble Sort Time
10,9.060000e-07,1.198000e-06
20,1.286000e-06,2.809000e-06
50,6.572000e-06,1.080800e-05
100,2.047200e-05,3.915500e-05
200,4.576600e-05,6.936500e-05
500,1.893170e-04,3.719850e-04
1000,7.335670e-04,1.502891e-03
2000,2.726469e-03,5.610637e-03
5000,1.637343e-02,3.585798e-02
10000,7.233127e-02,1.521638e-01
